{"cameraMode":{"drawMode":0,"name":"Shaded","section":"Shading Mode"},"sceneLighting":false,"audioPlay":false,"sceneViewState":{"showFog":true,"showMaterialUpdate":false,"showSkybox":false,"showFlares":true,"showImageEffects":true,"showParticleSystems":true},"in2DMode":false,"pivot":{"x":-15.537532806396485,"y":2.5,"z":-29.106300354003908},"rotation":{"x":0.2651624381542206,"y":0.0557253435254097,"z":-0.015178053639829159,"w":0.9625390768051148},"size":6.427272796630859,"orthographic":false}